[{"model": "sessions.session", "pk": "5vdkmx4kgv6mnuleo5j9aeryaqtk01nb", "fields": {"session_data": ".eJxVjEEOwiAQRe_C2hBKgQGX7j0DmWFAqoYmpV0Z765NutDtf-_9l4i4rTVuPS9xYnEWgzj9boTpkdsO-I7tNss0t3WZSO6KPGiX15nz83K4fwcVe_3Wyjh0lJgLBDDKk7JuSAhJc7GmhBAyGQbPo_cWFOGIxhVgzTlp8E68P-xpOB4:1wDJo1:6KPYNq6vFydD6d8LseU9_IWzjo4sptTFX2sxs4MOIuw", "expire_date": "2026-04-30T10:18:41.001Z"}}, {"model": "sessions.session", "pk": "9kkfz3jh135e2x1685ywzuma9o557ib5", "fields": {"session_data": ".eJxVjEEOwiAQRe_C2hBKgQGX7j0DmWFAqoYmpV0Z765NutDtf-_9l4i4rTVuPS9xYnEWgzj9boTpkdsO-I7tNss0t3WZSO6KPGiX15nz83K4fwcVe_3Wyjh0lJgLBDDKk7JuSAhJc7GmhBAyGQbPo_cWFOGIxhVgzTlp8E68P-xpOB4:1wDgfP:3zU5ZAxY8ppp-Knh9uedncXbI3mx3Y8_q2T5XH-Xxn8", "expire_date": "2026-05-01T10:43:19.747Z"}}, {"model": "sessions.session", "pk": "gafjhj4yrje9tk50zra94z988p1nfw46", "fields": {"session_data": "e30:1wCksP:wgaw_zYZvaY1j7pI9URGlhH9GkX6hdxyj8LAaDljZ-o", "expire_date": "2026-04-28T21:00:53.429Z"}}, {"model": "token_blacklist.blacklistedtoken", "pk": 1, "fields": {"token": 3, "blacklisted_at": "2026-04-16T15:05:40.127Z"}}, {"model": "token_blacklist.blacklistedtoken", "pk": 2, "fields": {"token": 5, "blacklisted_at": "2026-04-16T16:17:05.817Z"}}, {"model": "token_blacklist.blacklistedtoken", "pk": 3, "fields": {"token": 8, "blacklisted_at": "2026-04-16T20:32:44.013Z"}}, {"model": "token_blacklist.blacklistedtoken", "pk": 4, "fields": {"token": 13, "blacklisted_at": "2026-04-17T08:02:13.168Z"}}, {"model": "token_blacklist.blacklistedtoken", "pk": 5, "fields": {"token": 21, "blacklisted_at": "2026-04-19T09:45:32.012Z"}}, {"model": "accounts.user", "fields": {"password": "pbkdf2_sha256$1200000$cSTAUq5ZI0vWfBcSsEOFus$71PfrQfEsv3sK6Z1tTh1cgAoVE5lL3xT25hk7r+PpwI=", "last_login": "2026-04-17T10:43:19.679Z", "is_superuser": true, "email": "magloireaffokpe777@gmail.com", "first_name": "Magloire", "last_name": "AFFOKPE", "phone": "", "location": "", "role": "ADMIN", "is_active": true, "is_staff": true, "date_joined": "2026-04-14T15:27:53.976Z", "groups": [], "user_permissions": []}}, {"model": "accounts.user", "fields": {"password": "pbkdf2_sha256$1200000$eBQwkI7D3ncUnTgeTRI3pi$YuKUruU32zTiq1GqeXSCAlaN+DKjhkNoe1zWBZBhwkw=", "last_login": null, "is_superuser": false, "email": "test@example.com", "first_name": "Jean", "last_name": "Dupont", "phone": "66000000", "location": "Cotonou", "role": "BUYER", "is_active": true, "is_staff": false, "date_joined": "2026-04-16T08:56:53.635Z", "groups": [], "user_permissions": []}}, {"model": "accounts.user", "fields": {"password": "pbkdf2_sha256$1200000$DRJtzaG9IV0WXgMHjQH2LV$OJDtKhDZeZvzpPUx5dgTm9C3L4NJZddfzoOzXYzG668=", "last_login": null, "is_superuser": false, "email": "mbatamoussi81@gmail.com", "first_name": "Marcos", "last_name": "BATAMOUSSI", "phone": "97964027", "location": "Parakou", "role": "BUYER", "is_active": true, "is_staff": false, "date_joined": "2026-04-16T09:04:05.021Z", "groups": [], "user_permissions": []}}, {"model": "accounts.user", "fields": {"password": "pbkdf2_sha256$1200000$1vAAbOOIWrR5eS2RrMDJkN$HsDMx36syhSVd4ExmVlN0nTWyQgCaUDPscCRnhapJCw=", "last_login": null, "is_superuser": false, "email": "magloireaffokpe6@gmail.com", "first_name": "Johnson", "last_name": "AFFOKPE", "phone": "+229 0167518712", "location": "Parakou", "role": "FARMER", "is_active": true, "is_staff": false, "date_joined": "2026-04-16T09:39:04.938Z", "groups": [], "user_permissions": []}}, {"model": "accounts.user", "fields": {"password": "pbkdf2_sha256$1200000$M6NuX93UNjwlV0I3CW086n$zcLGoOH7MtqQv+P2FB3HbKCqfi4ZraNPWsnIOwBAxg4=", "last_login": null, "is_superuser": false, "email": "destin@gmail.com", "first_name": "Destin", "last_name": "DANGBENON", "phone": "53673893", "location": "Cotonou", "role": "FARMER", "is_active": true, "is_staff": false, "date_joined": "2026-04-16T21:23:31.364Z", "groups": [], "user_permissions": []}}, {"model": "accounts.user", "fields": {"password": "pbkdf2_sha256$1200000$OP1ET8vsiW4JWSYuTfW2O5$upX1w/eMKuvyeG/ZHkHQ/zMwkxzi3LL3QbvWVjtgCAM=", "last_login": null, "is_superuser": false, "email": "eddy@gmail.com", "first_name": "Eddy", "last_name": "BONI", "phone": "562782929", "location": "Abomey", "role": "BUYER", "is_active": true, "is_staff": false, "date_joined": "2026-04-16T21:42:40.945Z", "groups": [], "user_permissions": []}}, {"model": "accounts.farmerprofile", "pk": 1, "fields": {"user": ["magloireaffokpe6@gmail.com"], "farm_name": "Ferme de Kobourou", "verified": true, "bio": "", "created_at": "2026-04-16T09:39:06.023Z"}}, {"model": "accounts.farmerprofile", "pk": 2, "fields": {"user": ["destin@gmail.com"], "farm_name": "Mais", "verified": true, "bio": "", "created_at": "2026-04-16T21:23:32.413Z"}}, {"model": "products.product", "pk": 1, "fields": {"name": "Manioc", "description": "Manioc original, à bas prix", "category": "OTHER", "price": "500.00", "quantity_available": 6, "farmer": ["magloireaffokpe6@gmail.com"], "image": "products/arrangement-nutritious-cassava-roots.webp", "is_available": true, "created_at": "2026-04-16T10:13:46.249Z", "updated_at": "2026-04-16T16:21:17.785Z"}}, {"model": "products.product", "pk": 2, "fields": {"name": "Mais", "description": "Bon mais à bon prix", "category": "OTHER", "price": "600.00", "quantity_available": 30, "farmer": ["destin@gmail.com"], "image": "products/mais.webp", "is_available": true, "created_at": "2026-04-16T21:36:02.721Z", "updated_at": "2026-04-16T21:36:02.721Z"}}, {"model": "orders.order", "pk": 1, "fields": {"buyer": ["mbatamoussi81@gmail.com"], "total_price": "15000.00", "status": "CANCELLED", "delivery_type": "HOME_DELIVERY", "created_at": "2026-04-16T11:07:02.714Z", "updated_at": "2026-04-16T15:32:17.710Z"}}, {"model": "orders.order", "pk": 2, "fields": {"buyer": ["mbatamoussi81@gmail.com"], "total_price": "15000.00", "status": "DELIVERED", "delivery_type": "HOME_DELIVERY", "created_at": "2026-04-16T15:05:40.646Z", "updated_at": "2026-04-16T17:25:01.458Z"}}, {"model": "orders.order", "pk": 3, "fields": {"buyer": ["mbatamoussi81@gmail.com"], "total_price": "5000.00", "status": "CONFIRMED", "delivery_type": "PICKUP_POINT", "created_at": "2026-04-16T15:10:51.988Z", "updated_at": "2026-04-16T15:31:31.295Z"}}, {"model": "orders.order", "pk": 4, "fields": {"buyer": ["eddy@gmail.com"], "total_price": "12000.00", "status": "DELIVERED", "delivery_type": "HOME_DELIVERY", "created_at": "2026-04-16T22:26:07.703Z", "updated_at": "2026-04-16T22:34:16.379Z"}}, {"model": "orders.order", "pk": 5, "fields": {"buyer": ["eddy@gmail.com"], "total_price": "1000.00", "status": "DELIVERED", "delivery_type": "HOME_DELIVERY", "created_at": "2026-04-17T08:50:35.488Z", "updated_at": "2026-04-17T08:53:04.624Z"}}, {"model": "orders.orderitem", "pk": 1, "fields": {"order": 1, "product": 1, "quantity": 3, "price": "5000.00"}}, {"model": "orders.orderitem", "pk": 2, "fields": {"order": 2, "product": 1, "quantity": 3, "price": "5000.00"}}, {"model": "orders.orderitem", "pk": 3, "fields": {"order": 3, "product": 1, "quantity": 1, "price": "5000.00"}}, {"model": "orders.orderitem", "pk": 4, "fields": {"order": 4, "product": 2, "quantity": 20, "price": "600.00"}}, {"model": "orders.orderitem", "pk": 5, "fields": {"order": 5, "product": 1, "quantity": 2, "price": "500.00"}}, {"model": "delivery.delivery", "pk": 1, "fields": {"order": 2, "delivery_address": "", "delivery_status": "DELIVERED", "delivery_date": null, "notes": "", "created_at": "2026-04-16T15:05:41.590Z", "updated_at": "2026-04-16T16:28:38.597Z"}}, {"model": "delivery.delivery", "pk": 2, "fields": {"order": 4, "delivery_address": "Abomey", "delivery_status": "IN_TRANSIT", "delivery_date": null, "notes": "", "created_at": "2026-04-16T22:26:08.016Z", "updated_at": "2026-04-17T15:52:38.884Z"}}, {"model": "delivery.delivery", "pk": 3, "fields": {"order": 5, "delivery_address": "Parakou", "delivery_status": "DELIVERED", "delivery_date": null, "notes": "", "created_at": "2026-04-17T08:50:35.857Z", "updated_at": "2026-04-17T08:50:35.857Z"}}, {"model": "reviews.review", "pk": 1, "fields": {"product": 1, "buyer": ["mbatamoussi81@gmail.com"], "rating": 4, "comment": "C'est bon produit franchement j'adore", "created_at": "2026-04-16T10:56:01.814Z"}}, {"model": "reviews.review", "pk": 2, "fields": {"product": 2, "buyer": ["eddy@gmail.com"], "rating": 3, "comment": "Produit excellent", "created_at": "2026-04-16T21:46:13.506Z"}}, {"model": "token_blacklist.outstandingtoken", "pk": 1, "fields": {"user": ["mbatamoussi81@gmail.com"], "jti": "ef87de318c7547b2aa1e8d3a3b7f535a", "token": "eyJhbGciOiJIUzI1NiIsInR5cCI6IkpXVCJ9.eyJ0b2tlbl90eXBlIjoicmVmcmVzaCIsImV4cCI6MTc3NjkzNTA4NSwiaWF0IjoxNzc2MzMwMjg1LCJqdGkiOiJlZjg3ZGUzMThjNzU0N2IyYWExZThkM2EzYjdmNTM1YSIsInVzZXJfaWQiOiIzIn0.zzJbtiRZ25bLpEbeNl8doTdRQ5logw1bPCE707FcmdE", "created_at": "2026-04-16T09:04:45.925Z", "expires_at": "2026-04-23T09:04:45Z"}}, {"model": "token_blacklist.outstandingtoken", "pk": 2, "fields": {"user": ["magloireaffokpe6@gmail.com"], "jti": "becac00d0bfa4ed680e5293a83cb1123", "token": "eyJhbGciOiJIUzI1NiIsInR5cCI6IkpXVCJ9.eyJ0b2tlbl90eXBlIjoicmVmcmVzaCIsImV4cCI6MTc3NjkzNzIxNSwiaWF0IjoxNzc2MzMyNDE1LCJqdGkiOiJiZWNhYzAwZDBiZmE0ZWQ2ODBlNTI5M2E4M2NiMTEyMyIsInVzZXJfaWQiOiI0In0._bf2lD6_koVW4XSA8KougHbKwPjU0D1LstwdghNmu1Y", "created_at": "2026-04-16T09:40:15.573Z", "expires_at": "2026-04-23T09:40:15Z"}}, {"model": "token_blacklist.outstandingtoken", "pk": 3, "fields": {"user": ["mbatamoussi81@gmail.com"], "jti": "3f0fe7faa5fb494fac621dbf54db7f7d", "token": "eyJhbGciOiJIUzI1NiIsInR5cCI6IkpXVCJ9.eyJ0b2tlbl90eXBlIjoicmVmcmVzaCIsImV4cCI6MTc3NjkzOTMwMSwiaWF0IjoxNzc2MzM0NTAxLCJqdGkiOiIzZjBmZTdmYWE1ZmI0OTRmYWM2MjFkYmY1NGRiN2Y3ZCIsInVzZXJfaWQiOiIzIn0.ifUUtQHrF1e4lH6T-SswabIn96quR8OSs6jVov1xH-U", "created_at": "2026-04-16T10:15:01.214Z", "expires_at": "2026-04-23T10:15:01Z"}}, {"model": "token_blacklist.outstandingtoken", "pk": 4, "fields": {"user": ["mbatamoussi81@gmail.com"], "jti": "ea6ca3d7e00c43738baef33b873549e0", "token": "eyJhbGciOiJIUzI1NiIsInR5cCI6IkpXVCJ9.eyJ0b2tlbl90eXBlIjoicmVmcmVzaCIsImV4cCI6MTc3Njk1NjczOSwiaWF0IjoxNzc2MzUxOTM5LCJqdGkiOiJlYTZjYTNkN2UwMGM0MzczOGJhZWYzM2I4NzM1NDllMCIsInVzZXJfaWQiOiIzIn0.FpcBDcs9PSfwj5mc_vd0nhfUiveSigNnhUHgJYthJ_8", "created_at": "2026-04-16T15:05:39.994Z", "expires_at": "2026-04-23T15:05:39Z"}}, {"model": "token_blacklist.outstandingtoken", "pk": 5, "fields": {"user": ["magloireaffokpe6@gmail.com"], "jti": "81ea06d49418402eb13ca14ac702aac4", "token": "eyJhbGciOiJIUzI1NiIsInR5cCI6IkpXVCJ9.eyJ0b2tlbl90eXBlIjoicmVmcmVzaCIsImV4cCI6MTc3Njk1NzMzNiwiaWF0IjoxNzc2MzUyNTM2LCJqdGkiOiI4MWVhMDZkNDk0MTg0MDJlYjEzY2ExNGFjNzAyYWFjNCIsInVzZXJfaWQiOiI0In0.CWtOyiY5yQkjzWxCWoidK1xq5rjYQL2d-Cr2weDWGmI", "created_at": "2026-04-16T15:15:36.015Z", "expires_at": "2026-04-23T15:15:36Z"}}, {"model": "token_blacklist.outstandingtoken", "pk": 6, "fields": {"user": ["magloireaffokpe6@gmail.com"], "jti": "e8820714180340a48a995004895ec6bc", "token": "eyJhbGciOiJIUzI1NiIsInR5cCI6IkpXVCJ9.eyJ0b2tlbl90eXBlIjoicmVmcmVzaCIsImV4cCI6MTc3Njk2MTAyNSwiaWF0IjoxNzc2MzU2MjI1LCJqdGkiOiJlODgyMDcxNDE4MDM0MGE0OGE5OTUwMDQ4OTVlYzZiYyIsInVzZXJfaWQiOiI0In0.MPLKGfFxmrO6mH5JjPAbTRDxmIsHjl0ILNxOFFUFR94", "created_at": "2026-04-16T16:17:05.694Z", "expires_at": "2026-04-23T16:17:05Z"}}, {"model": "token_blacklist.outstandingtoken", "pk": 7, "fields": {"user": ["mbatamoussi81@gmail.com"], "jti": "dac10c562d2f47d98b0d46e1faeca066", "token": "eyJhbGciOiJIUzI1NiIsInR5cCI6IkpXVCJ9.eyJ0b2tlbl90eXBlIjoicmVmcmVzaCIsImV4cCI6MTc3Njk2MjI2NSwiaWF0IjoxNzc2MzU3NDY1LCJqdGkiOiJkYWMxMGM1NjJkMmY0N2Q5OGIwZDQ2ZTFmYWVjYTA2NiIsInVzZXJfaWQiOiIzIn0.MYXb5RbiotaUNM9MmqIJIrrS6-IuWdJUDDSGjqvD5jY", "created_at": "2026-04-16T16:37:45.069Z", "expires_at": "2026-04-23T16:37:45Z"}}, {"model": "token_blacklist.outstandingtoken", "pk": 8, "fields": {"user": ["magloireaffokpe6@gmail.com"], "jti": "685d70bfeab345a6b3cb7f514555d1e7", "token": "eyJhbGciOiJIUzI1NiIsInR5cCI6IkpXVCJ9.eyJ0b2tlbl90eXBlIjoicmVmcmVzaCIsImV4cCI6MTc3Njk2NDUxMiwiaWF0IjoxNzc2MzU5NzEyLCJqdGkiOiI2ODVkNzBiZmVhYjM0NWE2YjNjYjdmNTE0NTU1ZDFlNyIsInVzZXJfaWQiOiI0In0.fN_dgBSxVu_kEspW5_oMRoOHVYhUR-zYSEgbAo5IPBg", "created_at": "2026-04-16T17:15:12.395Z", "expires_at": "2026-04-23T17:15:12Z"}}, {"model": "token_blacklist.outstandingtoken", "pk": 9, "fields": {"user": ["magloireaffokpe6@gmail.com"], "jti": "fd86bb277e034d62acdc27a8d537eec1", "token": "eyJhbGciOiJIUzI1NiIsInR5cCI6IkpXVCJ9.eyJ0b2tlbl90eXBlIjoicmVmcmVzaCIsImV4cCI6MTc3Njk3NjM2MywiaWF0IjoxNzc2MzcxNTYzLCJqdGkiOiJmZDg2YmIyNzdlMDM0ZDYyYWNkYzI3YThkNTM3ZWVjMSIsInVzZXJfaWQiOiI0In0.O4qo60XDYsFs9v-4LmJKdvix--Z4IrT3YEJBqipaLJQ", "created_at": "2026-04-16T20:32:43.956Z", "expires_at": "2026-04-23T20:32:43Z"}}, {"model": "token_blacklist.outstandingtoken", "pk": 10, "fields": {"user": ["destin@gmail.com"], "jti": "0fd83dc06aab48298b9d52c33dbef04a", "token": "eyJhbGciOiJIUzI1NiIsInR5cCI6IkpXVCJ9.eyJ0b2tlbl90eXBlIjoicmVmcmVzaCIsImV4cCI6MTc3Njk3OTQ2NCwiaWF0IjoxNzc2Mzc0NjY0LCJqdGkiOiIwZmQ4M2RjMDZhYWI0ODI5OGI5ZDUyYzMzZGJlZjA0YSIsInVzZXJfaWQiOiI1In0.eUoj_G0mB826k5KJ9BcF8U2pCt1YluAEZpOUVFPuWGU", "created_at": "2026-04-16T21:24:24.096Z", "expires_at": "2026-04-23T21:24:24Z"}}, {"model": "token_blacklist.outstandingtoken", "pk": 11, "fields": {"user": ["eddy@gmail.com"], "jti": "2057fc34f28642b29719a9dfde15ec4d", "token": "eyJhbGciOiJIUzI1NiIsInR5cCI6IkpXVCJ9.eyJ0b2tlbl90eXBlIjoicmVmcmVzaCIsImV4cCI6MTc3Njk4MDYyMSwiaWF0IjoxNzc2Mzc1ODIxLCJqdGkiOiIyMDU3ZmMzNGYyODY0MmIyOTcxOWE5ZGZkZTE1ZWM0ZCIsInVzZXJfaWQiOiI2In0.-nQDu0fXLGv3WBkQ_n8MjtH0DAagc3z2_HxngU4kNVU", "created_at": "2026-04-16T21:43:41.324Z", "expires_at": "2026-04-23T21:43:41Z"}}, {"model": "token_blacklist.outstandingtoken", "pk": 12, "fields": {"user": ["destin@gmail.com"], "jti": "a470d642362144d7ba79733b20b92e0c", "token": "eyJhbGciOiJIUzI1NiIsInR5cCI6IkpXVCJ9.eyJ0b2tlbl90eXBlIjoicmVmcmVzaCIsImV4cCI6MTc3Njk4MzUxOSwiaWF0IjoxNzc2Mzc4NzE5LCJqdGkiOiJhNDcwZDY0MjM2MjE0NGQ3YmE3OTczM2IyMGI5MmUwYyIsInVzZXJfaWQiOiI1In0.UesGLWr1gpEq8Fh2u1lxCeBNjg6EWG0pP_HUP98zWsw", "created_at": "2026-04-16T22:31:59.422Z", "expires_at": "2026-04-23T22:31:59Z"}}, {"model": "token_blacklist.outstandingtoken", "pk": 13, "fields": {"user": ["eddy@gmail.com"], "jti": "ca0b61db1c11426bb8b6ebb045e64ae7", "token": "eyJhbGciOiJIUzI1NiIsInR5cCI6IkpXVCJ9.eyJ0b2tlbl90eXBlIjoicmVmcmVzaCIsImV4cCI6MTc3Njk4Mzc0OSwiaWF0IjoxNzc2Mzc4OTQ5LCJqdGkiOiJjYTBiNjFkYjFjMTE0MjZiYjhiNmViYjA0NWU2NGFlNyIsInVzZXJfaWQiOiI2In0.Ez22_kUEOcuUnPZoLPLLCu9PF6LqeqT5uDM-BFXgYgo", "created_at": "2026-04-16T22:35:49.754Z", "expires_at": "2026-04-23T22:35:49Z"}}, {"model": "token_blacklist.outstandingtoken", "pk": 14, "fields": {"user": ["eddy@gmail.com"], "jti": "9d4f5f8e660e4d929e46dff6b8c16d7e", "token": "eyJhbGciOiJIUzI1NiIsInR5cCI6IkpXVCJ9.eyJ0b2tlbl90eXBlIjoicmVmcmVzaCIsImV4cCI6MTc3NzAxNzczMywiaWF0IjoxNzc2NDEyOTMzLCJqdGkiOiI5ZDRmNWY4ZTY2MGU0ZDkyOWU0NmRmZjZiOGMxNmQ3ZSIsInVzZXJfaWQiOiI2In0.nDCEbEJ1XaU-VqM5_sjVJCWTXjTrxA3t9LtjDpEDCU0", "created_at": "2026-04-17T08:02:13.163Z", "expires_at": "2026-04-24T08:02:13Z"}}, {"model": "token_blacklist.outstandingtoken", "pk": 15, "fields": {"user": ["magloireaffokpe6@gmail.com"], "jti": "0f8b6f8261da4a74a3fdb1e729e43217", "token": "eyJhbGciOiJIUzI1NiIsInR5cCI6IkpXVCJ9.eyJ0b2tlbl90eXBlIjoicmVmcmVzaCIsImV4cCI6MTc3NzAyMDc1MiwiaWF0IjoxNzc2NDE1OTUyLCJqdGkiOiIwZjhiNmY4MjYxZGE0YTc0YTNmZGIxZTcyOWU0MzIxNyIsInVzZXJfaWQiOiI0In0.usSbNqbFC3JXRVR8foeiOkuRMVCyDZKWG0x6Jlt3SmQ", "created_at": "2026-04-17T08:52:32.323Z", "expires_at": "2026-04-24T08:52:32Z"}}, {"model": "token_blacklist.outstandingtoken", "pk": 16, "fields": {"user": ["eddy@gmail.com"], "jti": "2948cbc19d4545b09623336b4e77d2e7", "token": "eyJhbGciOiJIUzI1NiIsInR5cCI6IkpXVCJ9.eyJ0b2tlbl90eXBlIjoicmVmcmVzaCIsImV4cCI6MTc3NzAyMDgwNiwiaWF0IjoxNzc2NDE2MDA2LCJqdGkiOiIyOTQ4Y2JjMTlkNDU0NWIwOTYyMzMzNmI0ZTc3ZDJlNyIsInVzZXJfaWQiOiI2In0.IAY4J4_cn7Apkj5xKiPI_CPjUE81AzAZZ5pNS_saaRo", "created_at": "2026-04-17T08:53:26.584Z", "expires_at": "2026-04-24T08:53:26Z"}}, {"model": "token_blacklist.outstandingtoken", "pk": 17, "fields": {"user": ["magloireaffokpe6@gmail.com"], "jti": "c381a3cd2cf048a6ad3dfa149d6ce15d", "token": "eyJhbGciOiJIUzI1NiIsInR5cCI6IkpXVCJ9.eyJ0b2tlbl90eXBlIjoicmVmcmVzaCIsImV4cCI6MTc3NzAyMDkwMSwiaWF0IjoxNzc2NDE2MTAxLCJqdGkiOiJjMzgxYTNjZDJjZjA0OGE2YWQzZGZhMTQ5ZDZjZTE1ZCIsInVzZXJfaWQiOiI0In0.IgLGresPLFIwxS4d5CSPRQJAqqmQPnK9QVBE3qDDDWs", "created_at": "2026-04-17T08:55:01.185Z", "expires_at": "2026-04-24T08:55:01Z"}}, {"model": "token_blacklist.outstandingtoken", "pk": 18, "fields": {"user": ["magloireaffokpe6@gmail.com"], "jti": "02553a69fa1348f7bd9dbd9f2cb74427", "token": "eyJhbGciOiJIUzI1NiIsInR5cCI6IkpXVCJ9.eyJ0b2tlbl90eXBlIjoicmVmcmVzaCIsImV4cCI6MTc3NzAyMTU2NCwiaWF0IjoxNzc2NDE2NzY0LCJqdGkiOiIwMjU1M2E2OWZhMTM0OGY3YmQ5ZGJkOWYyY2I3NDQyNyIsInVzZXJfaWQiOiI0In0.cti95kXiidZtGeMg10JhfU07e7mzgxf-xlZQIMWEi8s", "created_at": "2026-04-17T09:06:04.386Z", "expires_at": "2026-04-24T09:06:04Z"}}, {"model": "token_blacklist.outstandingtoken", "pk": 19, "fields": {"user": ["eddy@gmail.com"], "jti": "a7ec16477f4e40399b9b71d7ca829220", "token": "eyJhbGciOiJIUzI1NiIsInR5cCI6IkpXVCJ9.eyJ0b2tlbl90eXBlIjoicmVmcmVzaCIsImV4cCI6MTc3NzAyMzg4MywiaWF0IjoxNzc2NDE5MDgzLCJqdGkiOiJhN2VjMTY0NzdmNGU0MDM5OWI5YjcxZDdjYTgyOTIyMCIsInVzZXJfaWQiOiI2In0.HqXim2SF9bYjVvD6he5M7mucsEdy9Axws6vhDPRnfZU", "created_at": "2026-04-17T09:44:43.848Z", "expires_at": "2026-04-24T09:44:43Z"}}, {"model": "token_blacklist.outstandingtoken", "pk": 20, "fields": {"user": ["magloireaffokpe6@gmail.com"], "jti": "ea4347f86a2f445193f5dc0a405d8df5", "token": "eyJhbGciOiJIUzI1NiIsInR5cCI6IkpXVCJ9.eyJ0b2tlbl90eXBlIjoicmVmcmVzaCIsImV4cCI6MTc3NzAyNDQwOSwiaWF0IjoxNzc2NDE5NjA5LCJqdGkiOiJlYTQzNDdmODZhMmY0NDUxOTNmNWRjMGE0MDVkOGRmNSIsInVzZXJfaWQiOiI0In0.q-b4LW5XX5X4z4HZiIwvNYZqwrXCXU0TXISXnfv69pQ", "created_at": "2026-04-17T09:53:29.343Z", "expires_at": "2026-04-24T09:53:29Z"}}, {"model": "token_blacklist.outstandingtoken", "pk": 21, "fields": {"user": ["destin@gmail.com"], "jti": "4d5748c8c6a44fa6a71bfadc15df2286", "token": "eyJhbGciOiJIUzI1NiIsInR5cCI6IkpXVCJ9.eyJ0b2tlbl90eXBlIjoicmVmcmVzaCIsImV4cCI6MTc3NzA0NTEwMSwiaWF0IjoxNzc2NDQwMzAxLCJqdGkiOiI0ZDU3NDhjOGM2YTQ0ZmE2YTcxYmZhZGMxNWRmMjI4NiIsInVzZXJfaWQiOiI1In0.I50l0z8Et4rmDhLmGSPp08pAlCiOGCVV24OO-5CKucg", "created_at": "2026-04-17T15:38:21.430Z", "expires_at": "2026-04-24T15:38:21Z"}}, {"model": "token_blacklist.outstandingtoken", "pk": 22, "fields": {"user": ["destin@gmail.com"], "jti": "4cfbcb585dd442f982e533e521f962ba", "token": "eyJhbGciOiJIUzI1NiIsInR5cCI6IkpXVCJ9.eyJ0b2tlbl90eXBlIjoicmVmcmVzaCIsImV4cCI6MTc3NzE5NjcyNiwiaWF0IjoxNzc2NTkxOTI2LCJqdGkiOiI0Y2ZiY2I1ODVkZDQ0MmY5ODJlNTMzZTUyMWY5NjJiYSIsInVzZXJfaWQiOiI1In0.6A3jF4cr1YyvKdxgGWglZMr7EVD3mHf6vLdGpzUDpuM", "created_at": "2026-04-19T09:45:26.078Z", "expires_at": "2026-04-26T09:45:26Z"}}, {"model": "admin.logentry", "pk": 1, "fields": {"action_time": "2026-04-16T10:22:14.585Z", "user": ["magloireaffokpe777@gmail.com"], "content_type": ["accounts", "farmerprofile"], "object_id": "1", "object_repr": "Profil de Johnson AFFOKPE — Ferme de Kobourou", "action_flag": 2, "change_message": "[{\"changed\": {\"fields\": [\"V\\u00e9rifi\\u00e9\"]}}]"}}, {"model": "admin.logentry", "pk": 2, "fields": {"action_time": "2026-04-16T10:36:58.813Z", "user": ["magloireaffokpe777@gmail.com"], "content_type": ["products", "product"], "object_id": "1", "object_repr": "Manioc — Johnson AFFOKPE", "action_flag": 2, "change_message": "[{\"changed\": {\"fields\": [\"Disponible\"]}}]"}}, {"model": "admin.logentry", "pk": 3, "fields": {"action_time": "2026-04-16T16:21:17.813Z", "user": ["magloireaffokpe777@gmail.com"], "content_type": ["products", "product"], "object_id": "1", "object_repr": "Manioc — Johnson AFFOKPE", "action_flag": 2, "change_message": "[{\"changed\": {\"fields\": [\"Prix (FCFA)\"]}}]"}}, {"model": "admin.logentry", "pk": 4, "fields": {"action_time": "2026-04-16T16:28:38.598Z", "user": ["magloireaffokpe777@gmail.com"], "content_type": ["delivery", "delivery"], "object_id": "1", "object_repr": "Livraison commande #2 [DELIVERED]", "action_flag": 2, "change_message": "[{\"changed\": {\"fields\": [\"Statut de livraison\"]}}]"}}, {"model": "admin.logentry", "pk": 5, "fields": {"action_time": "2026-04-16T17:25:01.511Z", "user": ["magloireaffokpe777@gmail.com"], "content_type": ["orders", "order"], "object_id": "2", "object_repr": "Commande #2 — Marcos BATAMOUSSI [DELIVERED]", "action_flag": 2, "change_message": "[{\"changed\": {\"fields\": [\"Statut\"]}}]"}}, {"model": "admin.logentry", "pk": 6, "fields": {"action_time": "2026-04-17T10:50:02.980Z", "user": ["magloireaffokpe777@gmail.com"], "content_type": ["accounts", "user"], "object_id": "5", "object_repr": "Destin DANGBENON <destin@gmail.com>", "action_flag": 2, "change_message": "[{\"changed\": {\"name\": \"profil agriculteur\", \"object\": \"Profil de Destin DANGBENON \\u2014 Mais\", \"fields\": [\"V\\u00e9rifi\\u00e9\"]}}]"}}]
